tj0,td0,tj1,td1,tj2,td2
0.000000,0.476191,0.476191,0.952381,1.428571,1.428571
0.476191,1.428571,1.904762,0.476191,2.857143,0.952381
1.904762,1.428571,3.333333,0.952381,4.285715,0.476191
