tj0,td0,tj1,td1,tj2,td2
0.000000,0.476191,0.476191,0.952381,1.428571,1.428571
0.476191,1.428571,1.904762,0.476191,2.857143,0.952381
1.904762,0.476191,2.380953,0.952381,3.809524,0.476191
