tj0,td0,tj1,td1,tj2,td2
0.000000,1.000000,1.000000,2.000000,3.000000,2.307692
1.000000,3.000000,4.000000,1.000000,5.307693,2.000000
4.000000,1.000000,5.000000,2.000000,7.307693,1.000000
