id, TFT, TEC, level, cd
0,41758.570312,181733.078125,6,0.000000
