id, TFT, TEC
0,10.000000,139.638092,1
