id, TFT, TEC
0,10.000000,135.828568,1
