id, TFT, TEC, level, cd
0,2307.142822,20337.292969,941635616,0.000000
