id, TFT, TEC
0,2307.142822,21451.519531,5
