id, TFT, TEC
0,2307.142822,3155.670898,853024
