id, TFT, TEC
0,2307.142822,20337.292969,941635616
