id, TFT, TEC, level, cd
0,117879.000000,87129.000000,6,0.000000
