id, TFT, TEC, level, cd
0,6266.000000,9566.000000,2,0.013714
