id, TFT, TEC
0,189353.000000,9595.000000,7
