id, TFT, TEC
0,6129.000000,9566.000000,2
