id, TFT, TEC
0,6266.000000,9566.000000,5
