id, TFT, TEC
0,21.000000,64.000000,3
