id, TFT, TEC, level, cd
0,124524.000000,87769.000000,7968144,0.000000
