id, alg, baseSeed,iterations,nsgaIterations,N,D(antiga),GD,IGD,S
../instances/928/2-4-20__0.txt,op,0,10,9.800000,1,10015.974609,0.725123,0.036225,0.892718
../instances/928/2-4-20__0.txt,v3,0,10,1999.000000,9,3651.046387,0.037556,0.015045,0.809520
../instances/928/2-4-20__0.txt,nd,0,10,2660.600098,9,8216.983398,0.237990,0.024394,0.880457
